0,What a scary sight. ЁЯСА Happy Halloween from your pal Mickey!
1,"As hosts of тАЬThe WorldтАЩs Most Magical Celebration,тАЭ Mickey Mouse, Minnie Mouse, and their pals will be dressed in EARidescent new looks, custom-made for the Walt Disney World Resort 50th Anniversary event, beginning October 1, 2021. Find out more about this 18-month 50th anniversary event taking place throughout the four theme parks and beyond on the Disney Parks Blog: http://di.sn/6185HiSTU #DisneyWorld50"
2,"MickeyтАЩs sweetheart. ЁЯе░тЭдя╕ПЁЯШН Disney Nuimos are available at shopDisney, Disney stores, and select Disney Parks around the world."
3,Forever swinging through life together. тЭдя╕П Tag the Minnie to your Mickey!
0,"Happy birthday to my crazy, fun, fabulous good friend! I love you and am so grateful for your friendship and all the fun times weтАЩve shared these years. I hope you have a great day. #happybirthday #happy #birthday #bestfriends #love #you #тЭдя╕П"
1,ЁЯззф║║цЧехРМхЫЫхУецЛЬх╣┤ЁЯзз чеЭхдзхо╢ф║║хг╜х╣┤х╣┤я╝БшРмф║ЛхжВцДПтЭдя╕П #х╣┤хИЭф╕Г #ф║║цЧе #х┐лциВ
2,"Happy birthday to my crazy, fun, fabulous good friend! I love you and am so grateful for your friendship and all the fun times weтАЩve shared these years. I hope you have a great day. #happybirthday #happy #birthday #bestfriends #love #you #тЭдя╕П"
3,Happy ValentineтАЩs Day ЁЯМ╣
0,"#ржЦрзБрж╢рж┐ рж╕ржм рж╕ржоржпрж╝ ржЖржкржи ржорж╛ржирзБрж╖ржЗ ржжрж┐ржмрзЗ ржмрзНржпрж╛ржкрж╛рж░ржЯрж╛ ржПрж░ржХржо ржирж╛, ржХрж┐ржирзНрждрзБ #ржХрж╖рзНржЯ рж╕ржм рж╕ржоржпрж╝ ржЖржкржи ржорж╛ржирзБрж╖ ржжрж┐ржмрзЗ - ржПржЯрж╛ржЗ рж╕рждрзНржп"
0,"#ржЦрзБрж╢рж┐ рж╕ржм рж╕ржоржпрж╝ ржЖржкржи ржорж╛ржирзБрж╖ржЗ ржжрж┐ржмрзЗ ржмрзНржпрж╛ржкрж╛рж░ржЯрж╛ ржПрж░ржХржо ржирж╛, ржХрж┐ржирзНрждрзБ #ржХрж╖рзНржЯ рж╕ржм рж╕ржоржпрж╝ ржЖржкржи ржорж╛ржирзБрж╖ ржжрж┐ржмрзЗ - ржПржЯрж╛ржЗ рж╕рждрзНржп"
